clast_ID,x,y,Clast_length,Clast_width,Ellipse_major_axis,Ellipse_minor_axis,Surface_area,Perimeter,Equivalent_diameter,Eccentricity,Solidity,Mean_intensity,Score,Orientation
1,1292.69315,956.44875,0.02931,0.02655,0.02979,0.02718,0.00064,0.09290,0.02844,0.41098,0.98584,195.76589,1.00000,85.08247
2,879.68734,209.08275,0.03452,0.02531,0.03470,0.02554,0.00070,0.09900,0.02977,0.68065,0.98400,162.33479,0.99999,65.25985
3,1075.65705,1256.04323,0.02963,0.02751,0.03044,0.02772,0.00066,0.09543,0.02898,0.41966,0.98566,188.07133,0.99997,142.53491
4,1054.26531,84.84070,0.03586,0.02593,0.03683,0.02679,0.00077,0.10470,0.03140,0.69305,0.98620,147.57856,0.99996,92.91937
5,372.94823,1124.83632,0.03354,0.03017,0.03421,0.03063,0.00082,0.10607,0.03235,0.44947,0.98554,182.89032,0.99996,155.59013
6,282.76582,1436.55162,0.03144,0.02799,0.03129,0.02851,0.00070,0.09745,0.02980,0.41174,0.98536,193.97549,0.99995,161.14889
7,1100.12987,349.76182,0.03167,0.02162,0.03210,0.02252,0.00056,0.09005,0.02681,0.71933,0.98243,200.24032,0.99994,152.21325
8,275.46792,954.24420,0.03280,0.02780,0.03352,0.02854,0.00075,0.10107,0.03089,0.53189,0.98739,165.57257,0.99994,97.64709
9,1417.46731,566.31028,0.02992,0.02451,0.03078,0.02496,0.00060,0.09121,0.02771,0.58966,0.98507,153.53105,0.99993,70.05379
10,745.04962,947.79285,0.03812,0.03357,0.03885,0.03402,0.00104,0.11911,0.03632,0.48617,0.98720,150.99736,0.99992,23.21755
11,1324.23132,1316.46591,0.03312,0.02689,0.03284,0.02656,0.00068,0.09718,0.02950,0.58878,0.98527,162.10835,0.99991,45.76228
12,1284.69660,1236.45124,0.03857,0.02833,0.03938,0.02916,0.00090,0.11360,0.03379,0.68428,0.98267,154.24788,0.99990,89.75759
13,957.10826,823.39278,0.04160,0.03184,0.04246,0.03225,0.00107,0.12333,0.03699,0.65395,0.98511,186.23020,0.99989,70.10739
14,301.28114,1319.06898,0.02447,0.02351,0.02551,0.02441,0.00049,0.08135,0.02492,0.30426,0.98403,148.56289,0.99988,104.50706
15,1237.72200,489.01915,0.02428,0.01766,0.02518,0.01865,0.00037,0.07116,0.02165,0.68320,0.98340,188.91866,0.99987,93.03595
16,1193.30474,972.21357,0.02969,0.02618,0.03221,0.02871,0.00071,0.10148,0.03006,0.48008,0.97750,180.20231,0.99987,22.31548
17,766.06712,878.69504,0.04000,0.03019,0.04026,0.03041,0.00096,0.11690,0.03494,0.65925,0.98363,187.41693,0.99987,56.24707
18,231.09632,339.11148,0.03971,0.02857,0.03985,0.02924,0.00091,0.11341,0.03410,0.68417,0.98665,150.24139,0.99985,27.69707
19,408.03337,632.81755,0.04092,0.03235,0.04054,0.03223,0.00102,0.11956,0.03611,0.60789,0.98617,147.71527,0.99984,133.50021
20,1351.08042,1427.23412,0.03278,0.02626,0.03338,0.02683,0.00070,0.09933,0.02987,0.59832,0.98281,170.31037,0.99984,48.30685
21,1303.56930,334.25689,0.02051,0.01960,0.02128,0.02016,0.00034,0.06735,0.02068,0.33067,0.98228,179.93671,0.99979,160.09265
22,100.66391,271.34237,0.03205,0.02818,0.03296,0.02958,0.00077,0.10172,0.03121,0.44387,0.98745,195.05212,0.99977,175.74513
23,283.79527,292.71878,0.04294,0.02940,0.04361,0.02943,0.00100,0.12104,0.03577,0.74220,0.98573,193.73293,0.99977,69.50405
24,1042.04317,1350.55764,0.02361,0.01758,0.02356,0.01785,0.00033,0.06708,0.02042,0.65573,0.98605,148.42910,0.99976,37.02774
25,1136.32119,262.41314,0.03189,0.01968,0.03287,0.02075,0.00053,0.08785,0.02608,0.78202,0.98572,182.24470,0.99975,36.76258
26,599.51639,797.32738,0.03540,0.02933,0.03514,0.02952,0.00081,0.10645,0.03203,0.54425,0.98410,184.66805,0.99973,155.02483
27,838.50487,350.54847,0.03059,0.02160,0.03155,0.02276,0.00056,0.09011,0.02673,0.70103,0.97718,172.10132,0.99970,69.46213
28,878.79116,929.65814,0.02937,0.02438,0.02979,0.02504,0.00058,0.09011,0.02728,0.54900,0.98276,160.79082,0.99968,96.07656
29,600.29423,535.04365,0.02656,0.02213,0.02794,0.02308,0.00051,0.08310,0.02537,0.57666,0.98459,159.07788,0.99966,95.19737
30,1163.82834,184.97442,0.03644,0.02575,0.03771,0.02686,0.00079,0.10634,0.03177,0.71056,0.98538,174.64905,0.99960,145.38679
31,1434.44836,445.68206,0.02746,0.02266,0.02844,0.02344,0.00052,0.08369,0.02580,0.57285,0.98895,189.27410,0.99952,22.48910
32,469.28901,375.74392,0.03640,0.02701,0.03682,0.02758,0.00080,0.10621,0.03185,0.66467,0.98317,158.87975,0.99952,129.51824
33,704.89968,1282.72824,0.04251,0.02540,0.04391,0.02714,0.00093,0.11825,0.03446,0.79583,0.98250,166.89486,0.99945,176.35355
34,1320.87035,767.90038,0.02709,0.02074,0.02732,0.02099,0.00045,0.07941,0.02388,0.64691,0.97886,170.68000,0.99944,122.67301
35,1100.43475,445.24474,0.03094,0.02618,0.03099,0.02602,0.00063,0.09361,0.02835,0.54460,0.98307,166.28139,0.99942,124.21080
36,126.39700,783.28493,0.04049,0.03854,0.04047,0.03942,0.00125,0.13195,0.03982,0.22099,0.98570,173.04868,0.99930,146.01553
37,117.69724,1419.13253,0.03721,0.03558,0.03725,0.03538,0.00103,0.11892,0.03626,0.31657,0.98673,194.25103,0.99927,102.70480
38,644.86773,323.53770,0.04338,0.03605,0.04388,0.03665,0.00126,0.13292,0.04007,0.55472,0.98599,216.60721,0.99926,102.00143
39,341.16429,825.52825,0.02150,0.01867,0.02213,0.01877,0.00033,0.06579,0.02038,0.53531,0.98506,144.30385,0.99925,103.10704
40,345.91737,149.36337,0.02326,0.01676,0.02358,0.01729,0.00032,0.06676,0.02018,0.68389,0.98038,158.68661,0.99922,31.28123
41,1220.66562,826.80719,0.03421,0.02759,0.03397,0.02815,0.00075,0.10226,0.03084,0.56573,0.98388,140.38902,0.99919,177.10736
42,837.40333,1182.10634,0.03658,0.03029,0.03692,0.03080,0.00089,0.11217,0.03362,0.56246,0.98301,191.84861,0.99903,105.41570
43,1022.73470,595.38093,0.03100,0.02807,0.03153,0.02803,0.00069,0.09712,0.02969,0.46233,0.98724,182.38682,0.99886,101.02145
44,816.53723,1088.59031,0.04435,0.03417,0.04501,0.03483,0.00123,0.13300,0.03958,0.63556,0.98319,208.38136,0.99883,124.67844
45,821.23088,697.46774,0.04103,0.03242,0.04159,0.03271,0.00107,0.12236,0.03686,0.62229,0.98629,192.05616,0.99879,14.80252
46,533.91814,372.41658,0.02276,0.02087,0.02347,0.02204,0.00040,0.07423,0.02269,0.35134,0.98151,189.10385,0.99877,128.11609
47,1387.08614,840.31090,0.01832,0.01364,0.01820,0.01378,0.00020,0.05157,0.01581,0.65897,0.98135,198.22720,0.99875,133.48437
48,330.06038,1410.85988,0.02183,0.01736,0.02244,0.01769,0.00031,0.06533,0.01991,0.62041,0.97986,149.15610,0.99870,152.04085
49,1123.08373,1142.49935,0.05152,0.03348,0.05259,0.03487,0.00143,0.14665,0.04260,0.75554,0.97760,186.27326,0.99863,149.98155
50,921.63236,732.81152,0.04125,0.02091,0.04204,0.02245,0.00073,0.10860,0.03059,0.85291,0.98067,205.51846,0.99858,102.81931
51,570.68830,323.15597,0.02741,0.02701,0.02816,0.02769,0.00061,0.09116,0.02788,0.17322,0.98577,171.53986,0.99852,50.62011
52,94.32951,164.65913,0.02437,0.01844,0.02462,0.01912,0.00037,0.07208,0.02163,0.64610,0.97960,172.90909,0.99850,9.62804
53,110.27664,1275.36414,0.04475,0.03591,0.04554,0.03621,0.00129,0.13475,0.04058,0.61039,0.98752,150.32567,0.99848,94.16292
54,949.18979,208.58503,0.02221,0.01401,0.02277,0.01422,0.00025,0.06033,0.01799,0.78590,0.98072,152.61689,0.99844,145.68011
55,603.81988,1127.17369,0.04138,0.02398,0.04304,0.02556,0.00086,0.11411,0.03310,0.81462,0.98263,202.66384,0.99842,16.53989
56,289.63866,1083.84096,0.02969,0.01953,0.03050,0.02016,0.00048,0.08363,0.02475,0.75386,0.98064,168.58297,0.99836,130.81768
57,429.47348,1009.93124,0.02104,0.01495,0.02199,0.01581,0.00027,0.06130,0.01862,0.70590,0.98317,159.74062,0.99830,95.63039
58,437.40839,902.01877,0.03864,0.02267,0.04128,0.02575,0.00080,0.11276,0.03201,0.80071,0.95206,168.41975,0.99826,129.20486
59,846.09534,1281.04257,0.03082,0.02186,0.03189,0.02264,0.00056,0.08952,0.02679,0.71820,0.98482,132.80334,0.99814,100.51009
60,682.98219,721.19247,0.01845,0.01601,0.01883,0.01623,0.00024,0.05657,0.01745,0.50972,0.98344,119.21362,0.99811,38.05196
61,1148.75597,1318.71475,0.04694,0.03081,0.04844,0.03194,0.00121,0.13365,0.03925,0.75778,0.98602,165.77750,0.99802,71.40667
62,903.58844,1132.83375,0.03043,0.02822,0.02981,0.02778,0.00064,0.09457,0.02860,0.37460,0.98146,138.19880,0.99799,132.09782
63,1076.85972,501.62265,0.01562,0.01172,0.01638,0.01228,0.00016,0.04593,0.01416,0.68044,0.98366,138.08671,0.99775,80.92925
64,1030.25988,940.09389,0.02721,0.02073,0.02790,0.02105,0.00046,0.07992,0.02422,0.66301,0.98177,174.32323,0.99774,68.30891
65,919.32957,335.23592,0.04944,0.03717,0.04995,0.03744,0.00147,0.14480,0.04321,0.66592,0.98599,222.64209,0.99768,63.73358
66,1380.65999,284.31864,0.04191,0.02508,0.04247,0.02519,0.00082,0.11405,0.03225,0.82308,0.97087,165.20558,0.99758,103.36631
67,494.34279,103.02930,0.03767,0.02868,0.03876,0.02920,0.00089,0.11158,0.03360,0.66483,0.98555,145.62671,0.99752,101.49828
68,903.26455,1392.30150,0.05016,0.04426,0.05042,0.04414,0.00174,0.15668,0.04706,0.48374,0.98437,148.59616,0.99750,159.02623
69,196.57355,795.76579,0.03743,0.02768,0.03790,0.02833,0.00084,0.10809,0.03275,0.66765,0.98752,91.38823,0.99743,42.86473
70,365.05261,710.23688,0.03357,0.03128,0.03401,0.03144,0.00084,0.10653,0.03268,0.38193,0.98674,212.00893,0.99734,21.00108
71,995.32952,448.63296,0.02384,0.02273,0.02472,0.02366,0.00046,0.07869,0.02417,0.29411,0.98336,163.35495,0.99726,173.59190
72,519.76545,592.81283,0.05510,0.02962,0.05670,0.03128,0.00139,0.14628,0.04200,0.84221,0.98482,101.21565,0.99716,89.96761
73,94.39506,613.41312,0.03487,0.01953,0.03640,0.02078,0.00059,0.09570,0.02747,0.82832,0.97913,190.46909,0.99712,158.80747
74,1373.54432,422.93299,0.02248,0.01970,0.02281,0.01992,0.00036,0.06955,0.02130,0.48955,0.98072,133.59199,0.99678,53.64776
75,984.05763,1405.05886,0.02370,0.01874,0.02508,0.02009,0.00039,0.07291,0.02242,0.61029,0.98805,125.61103,0.99674,88.44859
76,287.91933,875.93464,0.03176,0.02507,0.03301,0.02683,0.00069,0.09860,0.02971,0.59225,0.98109,130.89054,0.99657,81.49213
77,541.78910,463.60483,0.03050,0.02686,0.03178,0.02759,0.00069,0.09712,0.02957,0.50478,0.98424,195.46537,0.99645,71.59004
78,407.87614,214.09672,0.03566,0.02749,0.03632,0.02821,0.00080,0.10575,0.03200,0.63514,0.98503,186.61596,0.99634,155.72801
79,1232.19959,1263.52991,0.02260,0.01994,0.02347,0.02063,0.00038,0.07221,0.02191,0.48064,0.98055,135.55743,0.99618,46.02498
80,388.34784,1407.04923,0.02670,0.02464,0.02696,0.02492,0.00053,0.08460,0.02591,0.38444,0.98438,181.16772,0.99618,142.19321
81,693.54482,519.10134,0.02607,0.01937,0.02708,0.02051,0.00044,0.07863,0.02354,0.66115,0.97721,184.02627,0.99568,150.06531
82,143.75451,1026.09163,0.02906,0.02077,0.03134,0.02204,0.00054,0.08724,0.02621,0.73207,0.98498,172.24104,0.99562,80.42678
83,401.76812,1184.38998,0.04227,0.02251,0.04319,0.02342,0.00079,0.11185,0.03170,0.84756,0.98259,210.01693,0.99553,150.39113
84,865.16903,980.99244,0.03333,0.02763,0.03376,0.02813,0.00074,0.10153,0.03079,0.55629,0.98301,178.71885,0.99550,30.96314
85,1088.95157,781.98388,0.03507,0.03224,0.03616,0.03288,0.00093,0.11314,0.03438,0.42402,0.98637,140.91661,0.99508,76.95358
86,155.59918,465.05570,0.04135,0.03529,0.04354,0.03738,0.00127,0.13330,0.04028,0.52352,0.98685,145.53533,0.99476,92.12224
87,679.91672,976.26271,0.03426,0.02791,0.03521,0.02921,0.00079,0.10680,0.03179,0.57109,0.98253,142.56006,0.99465,151.20723
88,1420.54609,178.24885,0.02255,0.01807,0.02323,0.01871,0.00034,0.06831,0.02084,0.59749,0.98164,173.96412,0.99438,59.85804
89,397.95017,857.19276,0.03298,0.02429,0.03364,0.02448,0.00064,0.09570,0.02860,0.68992,0.98528,128.66919,0.99384,129.09240
90,1353.62673,495.43995,0.02701,0.01192,0.02808,0.01299,0.00029,0.06877,0.01907,0.89436,0.97740,184.96741,0.99380,67.58819
91,381.39284,540.74141,0.02485,0.01886,0.02574,0.01980,0.00040,0.07382,0.02255,0.64927,0.98626,152.29813,0.99349,164.54818
92,1413.15770,732.66531,0.04999,0.04102,0.05048,0.04238,0.00168,0.15388,0.04620,0.54959,0.98729,192.69444,0.99293,116.77298
93,535.74628,814.28433,0.03837,0.02572,0.03954,0.02683,0.00083,0.11061,0.03252,0.74169,0.98038,180.47271,0.99282,152.35614
94,1265.57845,434.03322,0.02583,0.01475,0.02731,0.01618,0.00035,0.07227,0.02096,0.81889,0.97425,189.97801,0.99256,69.83647
95,158.04404,942.41481,0.04524,0.03339,0.04630,0.03419,0.00124,0.13338,0.03974,0.68112,0.98441,159.82138,0.99217,86.97984
96,1300.72209,565.22970,0.04878,0.02123,0.05026,0.02203,0.00086,0.12306,0.03318,0.90431,0.97934,142.00480,0.99129,106.21855
97,1260.21556,1138.93718,0.02317,0.01571,0.02415,0.01657,0.00031,0.06676,0.01978,0.75709,0.98157,183.43083,0.99081,18.78114
98,1317.58737,266.94084,0.03086,0.02645,0.03105,0.02700,0.00066,0.09524,0.02894,0.49930,0.98331,176.30225,0.99066,89.65144
99,377.69578,420.40833,0.03583,0.02342,0.03688,0.02413,0.00070,0.10070,0.02980,0.76151,0.98338,108.83210,0.99065,61.88515
100,668.62321,210.51844,0.03085,0.02148,0.03128,0.02230,0.00055,0.08817,0.02637,0.70695,0.98128,126.19956,0.99059,138.76235
101,1247.36143,726.47956,0.01916,0.01485,0.01937,0.01516,0.00023,0.05593,0.01712,0.62993,0.98211,73.46658,0.99059,49.68289
102,1063.81408,1429.34023,0.03572,0.02255,0.03851,0.02432,0.00073,0.10529,0.03043,0.79455,0.97945,180.88031,0.99058,153.82742
103,1348.83881,622.55868,0.02701,0.01874,0.02808,0.01962,0.00043,0.07791,0.02336,0.72645,0.98324,212.15061,0.98862,91.82992
104,1288.36610,213.29486,0.03151,0.02518,0.03273,0.02622,0.00067,0.09686,0.02928,0.60588,0.98233,111.06462,0.98808,85.31352
105,961.81470,533.29411,0.02337,0.01671,0.02377,0.01672,0.00031,0.06681,0.01974,0.72736,0.97995,155.47950,0.98784,148.99740
106,360.39046,476.65196,0.01827,0.01582,0.01919,0.01645,0.00025,0.05800,0.01775,0.52317,0.97710,156.86585,0.98735,115.22496
107,1183.05960,81.15556,0.03608,0.02735,0.03676,0.02812,0.00081,0.10626,0.03213,0.64900,0.98626,123.17678,0.98717,108.77803
108,535.85942,988.72031,0.04586,0.03233,0.04774,0.03414,0.00126,0.13682,0.03999,0.72165,0.98196,190.51176,0.98666,80.14085
109,428.55003,483.07707,0.03109,0.02442,0.03279,0.02600,0.00066,0.09627,0.02905,0.61847,0.98503,163.27195,0.98574,83.02537
110,1385.82471,1057.80022,0.04077,0.02744,0.04183,0.02874,0.00094,0.11620,0.03462,0.73198,0.98495,202.52613,0.98559,141.36901
111,482.31421,732.20114,0.03550,0.03185,0.03688,0.03252,0.00094,0.11451,0.03455,0.47859,0.98343,163.51490,0.98435,146.88063
112,796.95052,257.07592,0.03892,0.02698,0.03821,0.02686,0.00079,0.10820,0.03181,0.71395,0.98386,175.76190,0.98387,142.66354
113,1110.65602,135.14539,0.02818,0.02608,0.02836,0.02619,0.00058,0.08882,0.02721,0.38930,0.98453,142.98294,0.98317,103.63196
114,1167.43639,373.73610,0.03608,0.02654,0.03734,0.02783,0.00081,0.10782,0.03213,0.67182,0.97991,187.32772,0.97985,102.19946
115,290.69764,448.21125,0.01681,0.01156,0.01748,0.01227,0.00017,0.04794,0.01459,0.72728,0.97992,193.39262,0.97940,13.02174
116,565.02826,1295.84007,0.05840,0.03757,0.05990,0.03946,0.00183,0.16751,0.04828,0.76796,0.98218,144.67490,0.97934,85.73890
117,814.50731,474.55776,0.03160,0.01998,0.03244,0.02063,0.00052,0.08753,0.02585,0.77752,0.98371,130.78504,0.97923,140.98671
118,1042.49913,1195.13535,0.04403,0.02975,0.04487,0.02971,0.00104,0.12411,0.03647,0.75285,0.98337,152.08246,0.97891,59.70081
119,885.91950,692.63145,0.01612,0.01267,0.01704,0.01317,0.00018,0.04859,0.01493,0.64930,0.97995,190.35413,0.97885,163.15925
120,623.17386,1419.42296,0.03413,0.03189,0.03503,0.03254,0.00089,0.11048,0.03373,0.37582,0.98619,61.10349,0.97882,80.04125
121,514.22950,1453.70809,0.02319,0.02283,0.02423,0.02303,0.00044,0.07681,0.02359,0.30864,0.98464,102.01852,0.97876,73.63985
122,140.73892,393.45753,0.04353,0.02755,0.04527,0.02883,0.00102,0.12215,0.03609,0.77932,0.98747,179.65440,0.97544,90.69466
123,1135.58363,942.48340,0.03442,0.02354,0.03473,0.02378,0.00065,0.09602,0.02870,0.73136,0.98420,147.93759,0.97518,51.72661
124,133.01039,1147.68617,0.05050,0.04154,0.05108,0.04207,0.00168,0.15474,0.04618,0.57383,0.98684,207.83871,0.97508,118.07205
125,718.65454,385.06354,0.03356,0.02876,0.03420,0.02893,0.00078,0.10355,0.03143,0.53506,0.98409,114.68637,0.97469,122.22748
126,639.95025,79.92102,0.03234,0.02767,0.03235,0.02814,0.00071,0.09952,0.03011,0.49425,0.98201,199.54215,0.97427,134.15772
127,1087.08497,1045.20509,0.02111,0.01736,0.02220,0.01859,0.00032,0.06657,0.02023,0.55192,0.97624,130.10482,0.97044,38.42639
128,1181.10146,1035.31836,0.03862,0.02548,0.03928,0.02588,0.00080,0.10822,0.03184,0.75811,0.98372,183.58238,0.96999,33.14289
129,248.24476,550.29344,0.07789,0.04227,0.08299,0.04460,0.00284,0.21600,0.06013,0.86173,0.97493,191.48115,0.96900,86.57383
130,956.37155,446.65773,0.01943,0.01666,0.01969,0.01746,0.00027,0.06033,0.01851,0.47333,0.98068,153.94695,0.96890,172.95509
131,487.91196,548.07491,0.03067,0.01929,0.03164,0.02018,0.00050,0.08589,0.02522,0.77966,0.98011,101.22600,0.96630,107.78888
132,987.02211,753.01852,0.02205,0.01969,0.02182,0.01921,0.00033,0.06649,0.02039,0.47652,0.98410,184.39932,0.96613,36.68247
133,783.35423,328.11797,0.01495,0.01218,0.01609,0.01313,0.00016,0.04716,0.01447,0.59837,0.97580,146.75646,0.96518,5.61524
134,1262.42517,395.54767,0.02049,0.01913,0.02154,0.01961,0.00033,0.06662,0.02048,0.42180,0.98378,207.24854,0.96281,71.10442
135,1244.14447,170.12649,0.02876,0.01601,0.02940,0.01703,0.00039,0.07689,0.02233,0.82177,0.98086,175.40775,0.96082,41.40675
136,935.64339,114.53457,0.02550,0.02409,0.02637,0.02476,0.00051,0.08401,0.02551,0.35350,0.97733,123.83848,0.95818,70.10519
137,897.50365,397.37219,0.01690,0.01376,0.01778,0.01454,0.00020,0.05184,0.01606,0.58466,0.98350,155.44778,0.95798,142.65337
138,992.45482,1018.05755,0.02942,0.01776,0.03197,0.01982,0.00049,0.08600,0.02489,0.81732,0.96960,197.96818,0.95483,173.06401
139,772.45897,606.13837,0.04102,0.03209,0.04254,0.03335,0.00109,0.12585,0.03727,0.65666,0.98575,207.46689,0.95475,84.76835
140,287.60857,236.08377,0.04033,0.03039,0.04244,0.03229,0.00107,0.12325,0.03694,0.65894,0.98577,124.77620,0.95340,94.20200
141,1173.93037,817.29582,0.02700,0.02259,0.02857,0.02344,0.00052,0.08498,0.02585,0.58396,0.98546,60.11085,0.95210,0.58772
142,1138.28266,654.43168,0.02303,0.01848,0.02431,0.01953,0.00037,0.07105,0.02171,0.60877,0.98519,153.98387,0.94898,127.23240
143,604.81875,871.88203,0.03621,0.01847,0.03821,0.01961,0.00058,0.09718,0.02728,0.86819,0.97854,136.61645,0.94816,69.92299
144,1319.38051,397.60001,0.01961,0.01884,0.02076,0.01993,0.00032,0.06695,0.02012,0.32888,0.97687,128.92837,0.94423,5.96399
145,799.40621,400.42254,0.02425,0.02114,0.02488,0.02147,0.00042,0.07552,0.02310,0.50949,0.98141,121.91860,0.94311,77.73178
146,1381.67818,334.68065,0.02781,0.01944,0.02886,0.02019,0.00046,0.08065,0.02413,0.72255,0.98330,168.12506,0.93430,151.47122
147,391.70762,118.44155,0.02641,0.01460,0.02780,0.01564,0.00033,0.07240,0.02047,0.85098,0.96975,183.91820,0.93145,20.15960
148,1199.51918,1434.24837,0.03458,0.02293,0.03589,0.02363,0.00066,0.09938,0.02901,0.76216,0.97286,112.13490,0.93090,79.67597
149,858.03653,393.66225,0.02377,0.01597,0.02415,0.01644,0.00031,0.06624,0.01988,0.73803,0.97881,170.36758,0.93069,45.40392
150,993.37526,296.76989,0.01561,0.01249,0.01587,0.01285,0.00016,0.04652,0.01427,0.59292,0.97222,180.21063,0.92940,65.59340
151,135.13587,537.79871,0.02199,0.01594,0.02306,0.01654,0.00030,0.06410,0.01943,0.71014,0.98353,152.61583,0.91614,107.76074
152,560.69904,1384.66340,0.01449,0.01287,0.01523,0.01389,0.00016,0.04716,0.01429,0.42041,0.97512,171.83018,0.91614,68.87060
153,260.45345,161.89830,0.02613,0.02112,0.02698,0.02170,0.00046,0.07966,0.02415,0.60741,0.97998,225.07157,0.91575,159.93972
154,711.76720,121.89919,0.02040,0.01158,0.02151,0.01239,0.00021,0.05552,0.01630,0.83013,0.97937,184.53033,0.91399,88.01634
155,416.37458,749.28278,0.03520,0.03129,0.03646,0.03236,0.00092,0.11352,0.03426,0.47211,0.98363,179.95564,0.91261,170.47103
156,259.69813,695.94116,0.03040,0.02418,0.03073,0.02437,0.00058,0.09076,0.02714,0.62037,0.98389,206.31759,0.89991,43.83329
157,569.14196,668.67721,0.02962,0.02133,0.03081,0.02203,0.00053,0.08654,0.02602,0.70922,0.98305,131.83505,0.89794,11.06226
158,200.62642,1400.50070,0.03930,0.02572,0.04106,0.02679,0.00086,0.11314,0.03309,0.76879,0.98351,163.83022,0.89753,78.91260
159,1310.77964,1031.08462,0.02536,0.02248,0.02625,0.02306,0.00047,0.08019,0.02456,0.48633,0.98455,108.96028,0.89585,17.09402
160,1243.52921,1036.99260,0.05117,0.02671,0.05175,0.02703,0.00109,0.13397,0.03720,0.86055,0.98343,193.36872,0.88474,166.84078
161,1180.97126,550.29900,0.04417,0.02405,0.04627,0.02509,0.00090,0.11994,0.03390,0.85143,0.97442,209.30542,0.88052,88.37157
162,801.98385,836.77765,0.01403,0.01093,0.01421,0.01142,0.00013,0.04106,0.01273,0.60092,0.97472,178.45346,0.86710,44.24723
163,1026.93970,271.67717,0.04215,0.02737,0.04309,0.02780,0.00094,0.11879,0.03450,0.77111,0.97982,174.21537,0.86654,78.63341
164,1183.21620,589.86806,0.03029,0.01710,0.03165,0.01807,0.00045,0.08218,0.02387,0.83011,0.98116,107.34871,0.85961,102.92453
165,1082.54817,1074.60985,0.01433,0.01047,0.01528,0.01159,0.00014,0.04281,0.01329,0.66978,0.98366,133.73815,0.85873,89.61135
166,99.84415,346.02580,0.03267,0.02657,0.03280,0.02731,0.00070,0.09809,0.02991,0.55846,0.98589,145.89484,0.85339,60.64222
167,906.28462,534.75757,0.02076,0.01308,0.02228,0.01432,0.00025,0.06014,0.01771,0.78547,0.97572,122.45910,0.83064,115.53330
168,764.25082,311.29244,0.02113,0.01283,0.02292,0.01375,0.00024,0.06084,0.01755,0.82880,0.97202,197.95441,0.82904,110.76124
169,1318.80791,838.88746,0.04286,0.02351,0.04474,0.02475,0.00086,0.11744,0.03310,0.84602,0.98035,135.71605,0.82227,110.36184
170,571.44767,185.02916,0.03161,0.02815,0.03170,0.02787,0.00069,0.09737,0.02962,0.48799,0.98649,181.20852,0.81225,59.22877
171,1019.85510,902.15458,0.01987,0.01481,0.01984,0.01512,0.00024,0.05644,0.01731,0.65231,0.98381,197.51828,0.81200,45.67200
172,900.63352,587.75365,0.02865,0.02094,0.02983,0.02181,0.00051,0.08433,0.02548,0.69137,0.98352,122.30653,0.80716,0.36364
173,612.70680,725.17000,0.02809,0.02438,0.02889,0.02465,0.00056,0.08804,0.02668,0.52557,0.97873,125.72461,0.80710,64.48156
174,707.53738,1128.44651,0.02622,0.01899,0.02654,0.01969,0.00041,0.07565,0.02284,0.67751,0.98249,121.47358,0.80411,163.21197
175,1133.76965,1381.07812,0.02225,0.01474,0.02249,0.01507,0.00026,0.06111,0.01836,0.75046,0.98093,171.32301,0.80210,20.84068
176,1107.25985,844.57207,0.04042,0.03322,0.04107,0.03395,0.00109,0.12314,0.03729,0.56877,0.98689,73.77111,0.79649,95.60561
177,357.43057,1352.58707,0.01956,0.01618,0.02010,0.01655,0.00026,0.06001,0.01823,0.57296,0.97596,138.90775,0.79251,170.41412
178,466.89951,1075.82388,0.05976,0.03614,0.06130,0.03635,0.00172,0.16493,0.04677,0.81336,0.97643,137.64752,0.78837,142.31861
179,668.56724,828.16908,0.01517,0.01152,0.01594,0.01218,0.00015,0.04515,0.01389,0.66222,0.97881,203.88911,0.78819,78.71754
180,766.66743,454.41948,0.01605,0.01166,0.01641,0.01240,0.00016,0.04625,0.01425,0.66540,0.98087,115.09460,0.78226,112.06881
181,503.31876,237.89610,0.01820,0.01486,0.01883,0.01611,0.00023,0.05735,0.01714,0.51901,0.96097,160.13333,0.78049,159.47444
182,1209.72961,251.83577,0.05126,0.03009,0.05177,0.03127,0.00126,0.13870,0.04010,0.80433,0.98636,155.05849,0.77732,98.56910
183,1263.99430,1440.16672,0.03316,0.01860,0.03442,0.01925,0.00052,0.08906,0.02570,0.83864,0.98053,177.32319,0.76792,94.54893
184,402.72501,273.02593,0.02472,0.01802,0.02584,0.01925,0.00039,0.07382,0.02229,0.67718,0.97844,208.69702,0.76732,78.71672
185,1258.95502,605.96341,0.01931,0.01818,0.01971,0.01872,0.00029,0.06235,0.01918,0.31718,0.97938,119.82458,0.76413,75.99316
186,385.76979,978.31227,0.02230,0.01506,0.02365,0.01649,0.00030,0.06630,0.01961,0.73341,0.97413,141.38727,0.75853,28.19823
187,578.25901,108.07183,0.01488,0.01433,0.01578,0.01524,0.00019,0.05001,0.01546,0.29146,0.97549,149.07767,0.75586,91.38370
188,1064.53569,396.65883,0.01682,0.01047,0.01750,0.01120,0.00015,0.04735,0.01387,0.80308,0.96835,132.80120,0.74524,179.94515
189,465.74275,220.69549,0.02520,0.01890,0.02546,0.01870,0.00037,0.07305,0.02171,0.68985,0.97520,136.19169,0.73290,74.15831
190,523.29114,146.41204,0.03380,0.02333,0.03467,0.02441,0.00066,0.09699,0.02902,0.71771,0.98524,163.88925,0.71644,120.51963
191,1316.44228,674.46394,0.01498,0.01246,0.01583,0.01308,0.00016,0.04698,0.01434,0.58454,0.97441,171.05326,0.71578,120.74963
192,806.79909,1418.61947,0.02749,0.02113,0.02776,0.02202,0.00048,0.08213,0.02460,0.62782,0.97974,95.43557,0.71564,116.06477
